Datetime,Water Level (m)
2025-11-12 00:00:00,0.9814388
2025-11-12 01:00:00,0.46252936
2025-11-12 02:00:00,-0.058412295
2025-11-12 03:00:00,-0.47356838
2025-11-12 04:00:00,-0.77879584
2025-11-12 05:00:00,-1.0001907
2025-11-12 06:00:00,-1.0414327
2025-11-12 07:00:00,-0.83214235
2025-11-12 08:00:00,-0.30984676
2025-11-12 09:00:00,0.22140883
2025-11-12 10:00:00,0.63386357
2025-11-12 11:00:00,0.8575423
2025-11-12 12:00:00,0.8364039
2025-11-12 13:00:00,0.5175302
2025-11-12 14:00:00,0.06622443
2025-11-12 15:00:00,-0.34134072
2025-11-12 16:00:00,-0.6420834
2025-11-12 17:00:00,-0.8244479
2025-11-12 18:00:00,-0.8463404
2025-11-12 19:00:00,-0.6075009
2025-11-12 20:00:00,-0.13247538
2025-11-12 21:00:00,0.34001404
2025-11-12 22:00:00,0.7321388
2025-11-12 23:00:00,0.9866429
2025-11-13 00:00:00,1.0334127
2025-11-13 01:00:00,0.80893064
2025-11-13 02:00:00,0.38407412
2025-11-13 03:00:00,-0.066671476
2025-11-13 04:00:00,-0.44558042
2025-11-13 05:00:00,-0.73423386
2025-11-13 06:00:00,-0.9452912
2025-11-13 07:00:00,-1.0206965
2025-11-13 08:00:00,-0.8825174
2025-11-13 09:00:00,-0.43821028
2025-11-13 10:00:00,0.086718746
2025-11-13 11:00:00,0.5231961
2025-11-13 12:00:00,0.8127644
2025-11-13 13:00:00,0.8971702
2025-11-13 14:00:00,0.7246518
2025-11-13 15:00:00,0.32968897
2025-11-13 16:00:00,-0.11575908
2025-11-13 17:00:00,-0.47988918
2025-11-13 18:00:00,-0.7244735
2025-11-13 19:00:00,-0.83325034
2025-11-13 20:00:00,-0.72740334
2025-11-13 21:00:00,-0.3451772
2025-11-13 22:00:00,0.13999765
2025-11-13 23:00:00,0.5624697
2025-11-14 00:00:00,0.84330404
2025-11-14 01:00:00,0.96673346
2025-11-14 02:00:00,0.8502479
2025-11-14 03:00:00,0.49829906
2025-11-14 04:00:00,0.04421296
2025-11-14 05:00:00,-0.3754384
2025-11-14 06:00:00,-0.70925295
2025-11-14 07:00:00,-0.95867795
2025-11-14 08:00:00,-1.0779746
2025-11-14 09:00:00,-0.98161614
2025-11-14 10:00:00,-0.5242596
2025-11-14 11:00:00,0.064891264
2025-11-14 12:00:00,0.54636395
2025-11-14 13:00:00,0.88104856
2025-11-14 14:00:00,1.0230094
2025-11-14 15:00:00,0.8915103
2025-11-14 16:00:00,0.5023027
2025-11-14 17:00:00,0.019068578
2025-11-14 18:00:00,-0.39459017
2025-11-14 19:00:00,-0.6886282
2025-11-14 20:00:00,-0.8673883
2025-11-14 21:00:00,-0.87523836
2025-11-14 22:00:00,-0.5855108
2025-11-14 23:00:00,-0.03804269
2025-11-15 00:00:00,0.46376938
2025-11-15 01:00:00,0.83106303
2025-11-15 02:00:00,1.0165895
2025-11-15 03:00:00,0.9394148
2025-11-15 04:00:00,0.5586769
2025-11-15 05:00:00,0.04651152
2025-11-15 06:00:00,-0.41442782
2025-11-15 07:00:00,-0.7742653
2025-11-15 08:00:00,-1.0159518
2025-11-15 09:00:00,-1.1629641
2025-11-15 10:00:00,-1.0433398
2025-11-15 11:00:00,-0.5114997
2025-11-15 12:00:00,0.12826376
2025-11-15 13:00:00,0.65558493
2025-11-15 14:00:00,1.035201
2025-11-15 15:00:00,1.1975524
2025-11-15 16:00:00,1.0414883
2025-11-15 17:00:00,0.5770411
2025-11-15 18:00:00,0.028378006
2025-11-15 19:00:00,-0.42771113
2025-11-15 20:00:00,-0.75669974
2025-11-15 21:00:00,-0.9817441
2025-11-15 22:00:00,-1.0017923
2025-11-15 23:00:00,-0.69430333
2025-11-16 00:00:00,-0.099027
2025-11-16 01:00:00,0.44549903
2025-11-16 02:00:00,0.8566502
2025-11-16 03:00:00,1.0744876
2025-11-16 04:00:00,0.9973009
2025-11-16 05:00:00,0.5669313
2025-11-16 06:00:00,-0.008305396
2025-11-16 07:00:00,-0.50488204
2025-11-16 08:00:00,-0.88393587
2025-11-16 09:00:00,-1.160853
2025-11-16 10:00:00,-1.2507477
2025-11-16 11:00:00,-1.0051913
2025-11-16 12:00:00,-0.33583078
2025-11-16 13:00:00,0.31823435
2025-11-16 14:00:00,0.84886223
2025-11-16 15:00:00,1.2121788
2025-11-16 16:00:00,1.2108476
2025-11-16 17:00:00,0.9810041
2025-11-16 18:00:00,0.4940391
2025-11-16 19:00:00,-0.07210543
2025-11-16 20:00:00,-0.52552813
2025-11-16 21:00:00,-0.85746235
2025-11-16 22:00:00,-1.0845624
2025-11-16 23:00:00,-1.0875136
2025-11-17 00:00:00,-0.68100995
2025-11-17 01:00:00,0.005800592
2025-11-17 02:00:00,0.5869213
2025-11-17 03:00:00,0.9832025
2025-11-17 04:00:00,1.1620779
2025-11-17 05:00:00,0.95501286
2025-11-17 06:00:00,0.40607962
2025-11-17 07:00:00,-0.18420509
2025-11-17 08:00:00,-0.663666
2025-11-17 09:00:00,-1.0221083
2025-11-17 10:00:00,-1.254616
2025-11-17 11:00:00,-1.2747545
2025-11-17 12:00:00,-0.84499717
2025-11-17 13:00:00,-0.09482493
2025-11-17 14:00:00,0.5631462
2025-11-17 15:00:00,1.0824115
2025-11-17 16:00:00,1.3086762
2025-11-17 17:00:00,1.2418009
2025-11-17 18:00:00,0.94192183
2025-11-17 19:00:00,0.35020518
2025-11-17 20:00:00,-0.22614723
2025-11-17 21:00:00,-0.6597297
2025-11-17 22:00:00,-0.9980502
2025-11-17 23:00:00,-1.1971921
2025-11-18 00:00:00,-1.1095271
